<?xml version="1.0" encoding="UTF-8"?>
<project-private xmlns="http://www.netbeans.org/ns/project-private/1">
    <editor-bookmarks xmlns="http://www.netbeans.org/ns/editor-bookmarks/2" lastBookmarkId="0"/>
    <open-files xmlns="http://www.netbeans.org/ns/projectui-open-files/2">
        <group>
            <file>file:/C:/Users/lancvslav/Desktop/PcMarket/PcMarket/src/cz/vsb/ekf/lan0116/loader/RecordCsvLoader.java</file>
            <file>file:/C:/Users/lancvslav/Desktop/PcMarket/PcMarket/src/cz/vsb/ekf/lan0116/controller/VendorInfo.java</file>
            <file>file:/C:/Users/lancvslav/Desktop/PcMarket/PcMarket/src/cz/vsb/ekf/lan0116/record/Country.java</file>
            <file>file:/C:/Users/lancvslav/Desktop/PcMarket/PcMarket/src/cz/vsb/ekf/lan0116/controller/RerordsOperations.java</file>
            <file>file:/C:/Users/lancvslav/Desktop/PcMarket/PcMarket/src/cz/vsb/ekf/lan0116/App.java</file>
            <file>file:/C:/Users/lancvslav/Desktop/PcMarket/PcMarket/src/cz/vsb/ekf/lan0116/loader/ResourceLoader.java</file>
            <file>file:/C:/Users/lancvslav/Desktop/PcMarket/PcMarket/test/cz/vsb/ekf/lan0116/controller/RerordsOperationsTest.java</file>
            <file>file:/C:/Users/lancvslav/Desktop/PcMarket/PcMarket/src/cz/vsb/ekf/lan0116/record/QuarterSales.java</file>
            <file>file:/C:/Users/lancvslav/Desktop/PcMarket/PcMarket/src/cz/vsb/ekf/lan0116/record/Vendor.java</file>
            <file>file:/C:/Users/lancvslav/Desktop/PcMarket/PcMarket/src/cz/vsb/ekf/lan0116/record/Timescale.java</file>
            <file>file:/C:/Users/lancvslav/Desktop/PcMarket/PcMarket/test/cz/vsb/ekf/lan0116/loader/RecordCsvLoaderTest.java</file>
            <file>file:/C:/Users/lancvslav/Desktop/PcMarket/PcMarket/src/cz/vsb/ekf/lan0116/record/Record.java</file>
            <file>file:/C:/Users/lancvslav/Desktop/PcMarket/PcMarket/src/cz/vsb/ekf/lan0116/controller/ObjectOperations.java</file>
        </group>
    </open-files>
</project-private>
